Name,Area_Loc_time,Price,Area,City,time
HP ELITBOOK 830 G5 CORE i5 8th gen 8GB 256GB SSD A grad fresh stock,"Saddar, Karachi•6 days ago","Rs 68,000",Saddar, Karachi,6 days ago
"MacBook Pro 2017 13""Ratina Display,Core i5,8GB RAM 256GB SSD","Valencia Town, Lahore•2 weeks ago","Rs 120,000",Valencia Town, Lahore,2 weeks ago
Lenovo T470 Core i 7 6th Gen Laptop 8GB-256 Backlit-FHD/HAROON TRADERS,"DHA Phase 5, Karachi•3 weeks ago","Rs 47,999",DHA Phase 5, Karachi,3 weeks ago
Dell Core i5 8th generation laptop for sell,"Nowshera Bypass Road, Nowshera•3 days ago","Rs 80,000",Nowshera Bypass Road, Nowshera,3 days ago
Apple imac 2019. . 2017. . 2015. . 2013 core i5 i7 all available,"Gulberg 1, Lahore•2 weeks ago","Rs 190,000",Gulberg 1, Lahore,2 weeks ago
"HP Elitebook 840 G3, core i5","Aziz Bhatti Road, Lahore•6 days ago","Rs 47,000",Aziz Bhatti Road, Lahore,6 days ago
DELL E 5470 CORE I5 6TH GENERATION  8gb DDR4,"Gulshan-e-Habib, Faisalabad•1 hour ago","Rs 42,000",Gulshan-e-Habib, Faisalabad,1 hour ago
HP G3 CORE I5 7TH GENERATION IN BRAND NEW CONDITION,"Millat Chowk, Faisalabad•1 hour ago","Rs 50,000",Millat Chowk, Faisalabad,1 hour ago
Dell laptop core i7 brand new = Ram 32GB Hp i5 excellent,"Abdullah Town, Faisalabad•1 hour ago","Rs 31,000",Abdullah Town, Faisalabad,1 hour ago
Dell laptop core i7 never used all good working - brand hp i5 osm,"Afzal Pura, Gujranwala•1 hour ago","Rs 31,000",Afzal Pura, Gujranwala,1 hour ago
Dell laptop core i7 pin packed good new- hp i5 condition ok box,"Saddar, Rawalpindi•1 hour ago","Rs 31,000",Saddar, Rawalpindi,1 hour ago
Dell laptop core i7 10/10 brand new conditon all ok  hp i5,"Saddar Town, Karachi•1 hour ago","Rs 31,000",Saddar Town, Karachi,1 hour ago
Core i3 5th genration   condition  10by10 brand lenovo,"Goheer Town, Bahawalpur•1 hour ago","Rs 33,000",Goheer Town, Bahawalpur,1 hour ago
Dell laptops core i7 brand new condition perfect (  Hp i5 apple ),"Gulberg, Lahore•2 hours ago","Rs 31,000",Gulberg, Lahore,2 hours ago
Dell laptop core i7 brand new = Ram 32GB Hp i5 perfect 10/10,"Arbab Karam Khan Road, Quetta•2 hours ago","Rs 31,000",Arbab Karam Khan Road, Quetta,2 hours ago
Dell  laptop core i7 excllent condition box - ok new hp i5 super,"Blue Area, Islamabad•2 hours ago","Rs 31,000",Blue Area, Islamabad,2 hours ago
Hp Elitebook 8460w Core i5 Laptop with 240GB SSD ADATA,"Township, Lahore•2 hours ago","Rs 21,500",Township, Lahore,2 hours ago
Dell laptops core i7 ( ssd - hard) condition perfect ( hp i5 apple ),"Muzzaffarabad City, Muzaffarabad•2 hours ago","Rs 31,000",Muzzaffarabad City, Muzaffarabad,2 hours ago
Dell Latitude E7480 Core i5 7th Gen,"Ichhra, Lahore•3 hours ago","Rs 57,600",Ichhra, Lahore,3 hours ago
Lenovo Thinkpad core i5 2nd gen,"Paposh Nagar, Karachi•5 hours ago","Rs 18,000",Paposh Nagar, Karachi,5 hours ago
Lenovo yoga 260 core i5 6th generation 8/128,"Shaukat Khanum Road, Lahore•3 weeks ago","Rs 44,500",Shaukat Khanum Road, Lahore,3 weeks ago
Lenovo T470 Core i 7 6th Gen Laptop 8GB-256 Backlit-FHD/HAROON TRADERS,"DHA Phase 5, Karachi•3 weeks ago","Rs 47,999",DHA Phase 5, Karachi,3 weeks ago
Lenovo ThinkPad T430 - Core C-i5 - 3rd Generation - Laptop,"Askari 10, Lahore•1 week ago","Rs 28,000",Askari 10, Lahore,1 week ago
"HP i5 8th 360° touch FHD display quad core, 8/256 ssd-Tawakkal Laptops","Bahria Town, Lahore•1 week ago","Rs 75,000",Bahria Town, Lahore,1 week ago
Lenovo T560 core i5 6th gen with 2 batteries,"New Garden Town, Lahore•2 days ago","Rs 47,000",New Garden Town, Lahore,2 days ago
Dell XPS 9370 Ultra Hi End 13.3″ FHD  Core i5-8th Gen 8GB Ram 256 SSD,"9th Avenue, Islamabad•1 week ago","Rs 95,000",9th Avenue, Islamabad,1 week ago
Lenovo T420 core i5 2nd generation,"North Karachi, Karachi•6 hours ago","Rs 18,000",North Karachi, Karachi,6 hours ago
Hp elitebook core i5 8th generation,"Alamgir Road, Karachi•6 hours ago","Rs 90,000",Alamgir Road, Karachi,6 hours ago
MacBook Pro 2015 (13.3 inch} Core i5 (2.7 GHz Processor) : 8/128,"Wapda Town, Lahore•7 hours ago","Rs 78,500",Wapda Town, Lahore,7 hours ago
"HP Probook 650 G5 8th Gen. Core i5 8th Gen. 15.6"" Diagonal Display","RJ Shopping Mall, Karachi•7 hours ago","Rs 75,000",RJ Shopping Mall, Karachi,7 hours ago
Core i5 5th Gen (SSD) (T450s Thinkpad) (ULTRABOOK),"Ghanta Ghar Chowk, Multan•7 hours ago","Rs 39,999",Ghanta Ghar Chowk, Multan,7 hours ago
"HP Elitebook 840 G3 Core i5 6th Gen. 14"" Display","RJ Shopping Mall, Karachi•7 hours ago","Rs 48,000",RJ Shopping Mall, Karachi,7 hours ago
HP Laptop Core I5 (6th Gen) 8/256 SSD,"Mandian, Abbottabad•7 hours ago","Rs 48,000",Mandian, Abbottabad,7 hours ago
hp laptop core i7 4 generation+gta 5 installed  NUM:03333389746,"North Karachi - Sector 5-C, Karachi•7 hours ago","Rs 57,000",North Karachi - Sector 5-C, Karachi,7 hours ago
Core i3 5th Generation laptop with SSD,"University Road, Peshawar•8 hours ago","Rs 35,000",University Road, Peshawar,8 hours ago
Lenovo yoga 370 core i5 7th generation,"North Karachi - Sector 7-D/2, Karachi•9 hours ago","Rs 48,000",North Karachi - Sector 7-D/2, Karachi,9 hours ago
Asus i5 8th (8-cores) - Exchange with Mobile,"Others, Jamshoro•9 hours ago","Rs 65,000",Others, Jamshoro,9 hours ago
INTEL CORE I5-7300U,"Green Town, Lahore•9 hours ago","Rs 58,000",Green Town, Lahore,9 hours ago
Core i5 Generation,"Shahkot - Sangla Hill Road, Sangla Hill•9 hours ago","Rs 35,000",Shahkot - Sangla Hill Road, Sangla Hill,9 hours ago
hp probook 640 G1 - core i5 4th generation - free laptop bag,"Ghani Khan Road, Charsadda•10 hours ago","Rs 39,999",Ghani Khan Road, Charsadda,10 hours ago
Dell E5470 Core i5 6th Gen 8GB-256GB Laptop/HAROON TRADERS,"Hill Park, Karachi•3 weeks ago","Rs 41,000",Hill Park, Karachi,3 weeks ago
Hp i5 8th quad core 360 touch & type - Tawakkal Laptops Warehouse,"Dharampura, Lahore•2 weeks ago","Rs 70,000",Dharampura, Lahore,2 weeks ago
hp ProBook core i5 7th generation,"DHA Phase 8, Lahore•54 minutes ago","Rs 58,000",DHA Phase 8, Lahore,54 minutes ago
Dell Latitude 5490 Core i5 8th Generaion Laptop in Fattani computers,"100 Quarters, Karachi•4 weeks ago","Rs 52,500",100 Quarters, Karachi,4 weeks ago
Lenovo Thinkpad E15 Gen2 / Core i5 11th gen / 16GB ram 512gb ssd,"Samanabad, Lahore•4 days ago","Rs 122,999",Samanabad, Lahore,4 days ago
HP Elite Book 840 G3 | Core i5 6th Generation | 8GB RAM | 256GB SSD,"Techno City, Karachi•23 hours ago","Rs 46,999",Techno City, Karachi,23 hours ago
Lenovo Thinkpad Core i5 6th Gen 8GB Ram 500GB HDD,"G-6/1, Islamabad•10 hours ago","Rs 37,000",G-6/1, Islamabad,10 hours ago
Dell core i5 7th Gen,"Rawat, Islamabad•10 hours ago","Rs 40,500",Rawat, Islamabad,10 hours ago
HP z book 14u g5 internal core i5 7300U 256gbssd maximum storage 2TB,"Gulshan-e-Ravi - Block F, Lahore•10 hours ago","Rs 80,000",Gulshan-e-Ravi - Block F, Lahore,10 hours ago
Dell Latitude 7280 core i5 6th generation,"Ghaziabad, Karachi•10 hours ago","Rs 42,000",Ghaziabad, Karachi,10 hours ago
fujitsue core i5 2nd geaneration 4 gb ram 250 hard standard size,"Gurjakh, Gujranwala•10 hours ago","Rs 26,000",Gurjakh, Gujranwala,10 hours ago
Dell Core i5 fifth Generation,"North Karachi, Karachi•11 hours ago","Rs 42,000",North Karachi, Karachi,11 hours ago
core i5 2nd generation 4gb ram 300gb hard bettery time 2 hours plus,"Nor-e-Wali, Rahimyar Khan•11 hours ago","Rs 25,000",Nor-e-Wali, Rahimyar Khan,11 hours ago
Dell laptop core i5 11th gentretion like brand new,"Dream Avenue Lahore, Lahore•11 hours ago","Rs 125,999",Dream Avenue Lahore, Lahore,11 hours ago
Dell Inspiron 5570 Intel Core i5-8250U 8GB RAM Tocch Screen,"Others, Gujranwala•11 hours ago","Rs 95,000",Others, Gujranwala,11 hours ago
HP Core i5-2450M CPU @2.50Ghz,"Talwara Mughlan, Sialkot•11 hours ago","Rs 19,000",Talwara Mughlan, Sialkot,11 hours ago
Apple MacBook pro retina display 2013late core i5,"Blue Area, Islamabad•11 hours ago","Rs 62,000",Blue Area, Islamabad,11 hours ago
core i5 2nd generation bilkul new hai 1 weak hi ise hua hai.,"Gulshan-e-Jamal, Karachi•11 hours ago","Rs 21,500",Gulshan-e-Jamal, Karachi,11 hours ago
Dell 5550 core i5 5th generation,"Abdara, Peshawar•11 hours ago","Rs 32,000",Abdara, Peshawar,11 hours ago
"Dell laptop, Core i5","Chungi No 6, Multan•12 hours ago","Rs 25,000",Chungi No 6, Multan,12 hours ago
"Toshiba Intel Core i5 4th Generation Laptop . Better Than Hp , Dell","Cantt, Lahore•4 weeks ago","Rs 27,000",Cantt, Lahore,4 weeks ago
Macbook Pro 2015 Core i5 - 13 Inch - with box & original charger,"Latifabad Unit 2, Hyderabad•1 week ago","Rs 79,000",Latifabad Unit 2, Hyderabad,1 week ago
Dell latitude 7480 Core i5 7th Generation Touch screen 8gb 256 M2 SSD,"100 Quarters, Karachi•4 weeks ago","Rs 48,999",100 Quarters, Karachi,4 weeks ago
"HP ProBook 650 G1 CORE I7 Quad Core  4TH GEN 15.6"" NUMPAD LAPTOP","North Karachi - Sector 5-C, Karachi•3 weeks ago","Rs 37,500",North Karachi - Sector 5-C, Karachi,3 weeks ago
Dell E5570 Core i5 /i7 6Th Gen 8GB-256 15.6 NUMPAD QTY/HAROON TRADERS,"Abul Hassan Isphani Road, Karachi•3 weeks ago","Rs 50,000",Abul Hassan Isphani Road, Karachi,3 weeks ago
Hp elitebook 840 g5 Core i5 8th Generation 8gb 256 M2 SSD Silver color,"100 Quarters, Karachi•4 weeks ago","Rs 69,000",100 Quarters, Karachi,4 weeks ago
Laptop for sale 3rd generation core i5,"Fazal Town Phase 1, Rawalpindi•12 hours ago","Rs 28,000",Fazal Town Phase 1, Rawalpindi,12 hours ago
HP Laptop Core I5,"Gulistan-e-Jauhar Block 7, Karachi•12 hours ago","Rs 18,000",Gulistan-e-Jauhar Block 7, Karachi,12 hours ago
HP FOLIO 9470M CORE I5 3RD GEN (Laptop with Charger),"Garden West, Karachi•12 hours ago","Rs 29,999",Garden West, Karachi,12 hours ago
Dell Core I5 3rd generation one hand use good condition 8 GB Ram256ssd,"Azam Block, Sialkot•12 hours ago","Rs 32,000",Azam Block, Sialkot,12 hours ago
HP Laptop core i5 4/128 6th Generation,"Nishat Colony - Block A, Lahore•12 hours ago","Rs 45,000",Nishat Colony - Block A, Lahore,12 hours ago
hp elitebook core i5 2nd  generation,"Peshawar, Khyber Pakhtunkhwa•13 hours ago","Rs 20,000",Peshawar, Khyber Pakhtunkhwa,13 hours ago
"Acer Aspire 5 A515-57-74Q9 12th Gen Core i7-1255U, 8GB DDR4, 512GB SSD","Bahria Town Phase 7, Rawalpindi•13 hours ago","Rs 210,000",Bahria Town Phase 7, Rawalpindi,13 hours ago
Dell core i5 1st generation,"Garden West, Karachi•13 hours ago","Rs 19,000",Garden West, Karachi,13 hours ago
Dell laptops core i7 [ ssd-  hard - disk ] pin packed [ i5 apple hp ],"Al Qamar Garden, Bahawalpur•13 hours ago","Rs 31,000",Al Qamar Garden, Bahawalpur,13 hours ago
dell laptops core i7 ssd - hard disk excllent work ( Hp i5 apple ),"Akberabad, Sialkot•13 hours ago","Rs 31,000",Akberabad, Sialkot,13 hours ago
Dell laptops core i7 disk 10/10 condition ( hp core i5  apple  ),"Ahmadabad, Multan•13 hours ago","Rs 31,000",Ahmadabad, Multan,13 hours ago
Dell laptops core i7 ( ssd - hard disk )__ ( i5 apple hp),"AL Fazal Town, Hyderabad•13 hours ago","Rs 31,000",AL Fazal Town, Hyderabad,13 hours ago
*BRANDED DELL CORE I7 - HP laptop : LIKE NEW I5  + Apple,"Dheari Choudhrian, Mirpur•13 hours ago","Rs 31,000",Dheari Choudhrian, Mirpur,13 hours ago
Dell Core i7 Laptop box available HP Laptop 256 GB i5 ok,"Academy Town, Peshawar•13 hours ago","Rs 31,000",Academy Town, Peshawar,13 hours ago
Core i5 i7 i3 Wholesale Laptops All Generations Read Ad,"Allama Iqbal Town, Lahore•2 weeks ago","Rs 25,000",Allama Iqbal Town, Lahore,2 weeks ago
Macbook Pro 2015 Core i5 - 13 Inch - with box & original charger,"Latifabad Unit 2, Hyderabad•1 week ago","Rs 79,000",Latifabad Unit 2, Hyderabad,1 week ago
"DELL Latitude E6540 CORE I5 / I7 4th Gen15.6"" NUMPAD/HAROON TRADER","Bahadurabad, Karachi•3 weeks ago","Rs 33,000",Bahadurabad, Karachi,3 weeks ago
"Dell 7280, Core i5-7th gen, 8/256","Gulberg, Lahore•2 weeks ago","Rs 48,000",Gulberg, Lahore,2 weeks ago
"HP i5 8th 360° touch FHD display quad core, 8/256 ssd-Tawakkal Laptops","Bahria Town, Lahore•1 week ago","Rs 75,000",Bahria Town, Lahore,1 week ago
Special Deal#7Th Gen#512GB SSD+08GB#Core i5#IPS FHD Display#Dell 7480,"Mandian, Abbottabad•2 weeks ago","Rs 54,999",Mandian, Abbottabad,2 weeks ago
"Professional Dell Branded Core i7,10th Gen. apple Hp i5","Askari Housing Abbottabad, Abbottabad•13 hours ago","Rs 31,000",Askari Housing Abbottabad, Abbottabad,13 hours ago
DELL CORE i7 LAPTOP + LIKE NEW HP I5  BUMPER OFFER,"Aamer Colony, Okara•13 hours ago","Rs 31,000",Aamer Colony, Okara,13 hours ago
Branded apple Laptop Available HP & Dell core i7 also i5,"204 Chak Road, Faisalabad•13 hours ago","Rs 31,000",204 Chak Road, Faisalabad,13 hours ago
APPLE & GEN LAPTOP- DELL CORE i7 LAPTOP + NEW HP I5,"Saddar, Rawalpindi•13 hours ago","Rs 31,000",Saddar, Rawalpindi,13 hours ago
Dell Core i7 Laptop WARRANTY - HP i5  Laptop 256 GB SSD,"Abid Colony, Gujranwala•13 hours ago","Rs 31,000",Abid Colony, Gujranwala,13 hours ago
BUMPER OFFER- DELL CORE i7 LAPTOP + NEW HP I5 apple,"Saddar Town, Karachi•13 hours ago","Rs 31,000",Saddar Town, Karachi,13 hours ago
Dell laptop core i7 { Hp i5 excllent cond } apple i3 perfect,"Gulberg, Lahore•13 hours ago","Rs 31,000",Gulberg, Lahore,13 hours ago
Dell laptop core i7 pin packed good b ( i5 _ hp ) new apple,"Blue Area, Islamabad•13 hours ago","Rs 31,000",Blue Area, Islamabad,13 hours ago
Branded apple Laptop Brand New HP & Dell core i7 also i5,"Muzzaffarabad City, Muzaffarabad•13 hours ago","Rs 31,000",Muzzaffarabad City, Muzaffarabad,13 hours ago
Dell laptop core i7 Ram 32GB Perfect nice hp apple - i5 ok i3,"Al-Mashriqi Street, Quetta•13 hours ago","Rs 31,000",Al-Mashriqi Street, Quetta,13 hours ago
"HP - Core i-7, 5th Gen, Elitebook","G-11/3, Islamabad•13 hours ago","Rs 65,000",G-11/3, Islamabad,13 hours ago
Acer TravelMate Core I5 (03.35. 8.0. 0.9. 0.4. 5),"North Karachi, Karachi•13 hours ago","Rs 18,000",North Karachi, Karachi,13 hours ago
"Lenovo Laptops, Core i5 & i7, 6th, 7th & 8th Gen, 8 GB RAM, 256 SSD,","Johar Town, Lahore•13 hours ago","Rs 37,999",Johar Town, Lahore,13 hours ago
"Dell Latitude 3420 Laptop 14"", 11th Gen, Core-i5, 8GB, 256GB","Wahdat Colony, Taxila•13 hours ago","Rs 115,000",Wahdat Colony, Taxila,13 hours ago
Dell Core i5 8th generation laptop for sell,"Nowshera Bypass Road, Nowshera•3 days ago","Rs 80,000",Nowshera Bypass Road, Nowshera,3 days ago
Dell Core i5 3rd Generation Laptop Better than HP,"F-7, Islamabad•4 weeks ago","Rs 24,000",F-7, Islamabad,4 weeks ago
Macbook Pro Core i5 i7 Laptop 2017 2018 2019 2020 Apple Laptops 10/10,"DHA Phase 6, Lahore•2 weeks ago","Rs 156,000",DHA Phase 6, Lahore,2 weeks ago
"Dell Latitude 5490 Core i5 8th Generaion Laptop in Fattani computers,","Gulshan-e-Iqbal, Karachi•4 weeks ago","Rs 52,000",Gulshan-e-Iqbal, Karachi,4 weeks ago
"Lenovo Thinkpad x260, 8/256, Core i5 6th generation","Township, Lahore•2 weeks ago","Rs 38,000",Township, Lahore,2 weeks ago
Touch#5Th Gen#Core i5#Hp Slim#G3#128SSD#04GB Ram#Backlight#3Hour+,"Mandian, Abbottabad•4 weeks ago","Rs 34,999",Mandian, Abbottabad,4 weeks ago
Hp Core i5 Laptop,"Bahria Town, Lahore•13 hours ago","Rs 25,500",Bahria Town, Lahore,13 hours ago
Dell Vostro core i5 6th generation,"Dhok Mustaqeem Road, Rawalpindi•13 hours ago","Rs 49,900",Dhok Mustaqeem Road, Rawalpindi,13 hours ago
lenovo ThinkPad l440 core i5 4th gen,"Main Market, Lahore•13 hours ago","Rs 26,000",Main Market, Lahore,13 hours ago
Laptop Core i5 3rd Gen 120 SSD,"Cantt, Abbottabad•14 hours ago","Rs 28,000",Cantt, Abbottabad,14 hours ago
Lenovo CORE i5 2nd Generation,"Chakra Road, Rawalpindi•14 hours ago","Rs 12,000",Chakra Road, Rawalpindi,14 hours ago
Hp Laptop Elitebook Core i5 8560p - 8Gb Ram - 250GB Hard,"Rustam Park, Lahore•14 hours ago","Rs 19,500",Rustam Park, Lahore,14 hours ago
Core i5 8th Generation,"University Road, Peshawar•14 hours ago","Rs 60,000",University Road, Peshawar,14 hours ago
HP Laptop Core i5,"Airport Road, Sukkur•14 hours ago","Rs 28,000",Airport Road, Sukkur,14 hours ago
Hp Probook 640 G2 Core I5 6th Generation Laptop,"Jamshed Quarters, Karachi•14 hours ago","Rs 36,000",Jamshed Quarters, Karachi,14 hours ago
Dell core i5 7th generation 8gb 256ssd,"Others, Okara•14 hours ago","Rs 56,000",Others, Okara,14 hours ago
DELL CORE I5 4TH GENERATION,"Shahdara, Lahore•14 hours ago","Rs 30,000",Shahdara, Lahore,14 hours ago
Dell latitude 3500 core i5 8 generation,"Model Town Extension, Lahore•15 hours ago","Rs 70,000",Model Town Extension, Lahore,15 hours ago
MacBook Pro 2015 Core i5 Retina Display 13.3-inch 16GB RAM 512GB SSD,"Social Security Workers Welfare Multi Story Flats, Lahore•15 hours ago","Rs 85,000",Social Security Workers Welfare Multi Story Flats, Lahore,15 hours ago
HP Pavilion 8th generation Core i5 16GB Ram,"Askari 10, Lahore•15 hours ago","Rs 95,000",Askari 10, Lahore,15 hours ago
Hp elitebook 840 g5 Core i5 8th Generation 8gb 256 M2 SSD Silver color,"100 Quarters, Karachi•4 weeks ago","Rs 69,000",100 Quarters, Karachi,4 weeks ago
Lenovo T460 core i5 6th genertion,"Gulberg 2, Lahore•2 weeks ago","Rs 48,000",Gulberg 2, Lahore,2 weeks ago
HP ELITEBOOK 840 G4 / CORE I5 7TH GEN / laptop for sale | laptop,"Jauhar Chowrangi Road, Karachi•3 weeks ago","Rs 52,999",Jauhar Chowrangi Road, Karachi,3 weeks ago
HP LAPTOPS 11th generation core i5,"Askari 10, Lahore•19 hours ago","Rs 130,000",Askari 10, Lahore,19 hours ago
Lenovo Core i5 5th Generation,"Kaleem Shaheed Colony No 1, Faisalabad•1 week ago","Rs 33,000",Kaleem Shaheed Colony No 1, Faisalabad,1 week ago
"Lenovo Thinkpad X260 Core i5 6th Gen, 8GB, 256GB SSD","Ali Town, Lahore•3 weeks ago","Rs 37,000",Ali Town, Lahore,3 weeks ago
Dell 7280 core i5 6th Generation 8GB Ram 128SSD,"Cantt, Lahore•15 hours ago","Rs 42,000",Cantt, Lahore,15 hours ago
hp elitebook model 840 g5 core i5 8th generation,"Hazara Colony, Rawalpindi•15 hours ago","Rs 68,000",Hazara Colony, Rawalpindi,15 hours ago
LENOVO G560 core i5 (1st generation),"Gulshan-e-Iqbal, Karachi•15 hours ago","Rs 20,900",Gulshan-e-Iqbal, Karachi,15 hours ago
core i5 4th generation for sale,"Kahuta, Rawalpindi•15 hours ago","Rs 45,000",Kahuta, Rawalpindi,15 hours ago
Hp 820G3 Core i5 6th Gen Backlight keys,"Bhatta Chowk, Lahore•15 hours ago","Rs 43,500",Bhatta Chowk, Lahore,15 hours ago
Toshiba core i5,"Siddiqia Colony, Lahore•16 hours ago","Rs 22,500",Siddiqia Colony, Lahore,16 hours ago
Dell Core i5 – 4th Generation,"Allahabad Road, Rawalpindi•16 hours ago","Rs 34,000",Allahabad Road, Rawalpindi,16 hours ago
Hp elitebook 840 G1 4th Gen Core i5,"China Scheme - Block B2, Lahore•16 hours ago","Rs 29,000",China Scheme - Block B2, Lahore,16 hours ago
DELL CORE I5 4GEN RAM 8GB SSD 256GB BATTER GOOD DISPLAY 14 INCH 10 BY,"Block D, Burewala•16 hours ago","Rs 41,000",Block D, Burewala,16 hours ago
MacBook Air 2017/2015 Core i5 Display 13.3-inch 8GB RAM 256GB SSD,"Johar Town Phase 1, Lahore•16 hours ago","Rs 75,000",Johar Town Phase 1, Lahore,16 hours ago
ACER Gaming Core i5 8th GENERATION 2gb MX 150 Nvidia 15.6inch 10 by 10,"Garden Town Main Boulevard, Lahore•16 hours ago","Rs 65,000",Garden Town Main Boulevard, Lahore,16 hours ago
Gaming HP Core i5 10th GENERATION 2gb Nvidia 256gb-SSD 1TB-HDD 15.6LED,"Garden Town Main Boulevard, Lahore•16 hours ago","Rs 91,000",Garden Town Main Boulevard, Lahore,16 hours ago
Lenovo Helix Core i5 4gb RAM 128gbSSD 12inch Touch LED Dual CAM,"Garden Town Main Boulevard, Lahore•16 hours ago","Rs 24,000",Garden Town Main Boulevard, Lahore,16 hours ago
Lenovo ThinkPad Core i5 vpro T440s,"Samanabad, Faisalabad•16 hours ago","Rs 50,000",Samanabad, Faisalabad,16 hours ago
"MacBook Pro 2017, Core i5 with touch bar, 13.3""display, 8/256gb Laptop","Thokar Niaz Baig, Lahore•2 weeks ago","Rs 147,000",Thokar Niaz Baig, Lahore,2 weeks ago
Lenovo x260/x270 core i5 6th generation 8gb ram 256gb ssd,"Bahria Town, Lahore•3 weeks ago","Rs 37,000",Bahria Town, Lahore,3 weeks ago
Apple imac 2019. . 2017. . 2015. . 2013 core i5 i7 all available,"Gulberg 1, Lahore•2 weeks ago","Rs 190,000",Gulberg 1, Lahore,2 weeks ago
Dell E3490 Core i 5 8th Gen QuadCore Laptop 8GB-256 Qty/HAROON TRADERS,"Saddar, Karachi•3 weeks ago","Rs 53,000",Saddar, Karachi,3 weeks ago
LENOVO Thinkpad T14 G2 - Core i5 11th Gen - 16GB 512GB - W11 Pro,"Clifton - Block 7, Karachi•3 weeks ago","Rs 240,000",Clifton - Block 7, Karachi,3 weeks ago
Hp probook 450 G8  core i5 11th gen,"Blue Area, Islamabad•4 weeks ago","Rs 150,000",Blue Area, Islamabad,4 weeks ago
MacBook Air/Pro2018/2019/2015 Integrated Touch ID sensor Core i5 8/256,"DHA Phase 4, Lahore•16 hours ago","Rs 142,000",DHA Phase 4, Lahore,16 hours ago
DELL Inspiron core i5 4 generation 6GB Ram,"Shams Abad, Rawalpindi•17 hours ago","Rs 26,000",Shams Abad, Rawalpindi,17 hours ago
HP Notebook Core i5,"Tajpura, Lahore•17 hours ago","Rs 38,000",Tajpura, Lahore,17 hours ago
HP Core i3 5th Generation,"Kaleem Shaheed Colony No 1, Faisalabad•17 hours ago","Rs 31,000",Kaleem Shaheed Colony No 1, Faisalabad,17 hours ago
MacBook Air 2019 /2018 Integrated Touch ID sensor Core i5 16/512/8/256,"Gulberg 3, Lahore•17 hours ago","Rs 98,000",Gulberg 3, Lahore,17 hours ago
"HP Elitebook 840 G7 Core i5 10th 8/256 Ultrabook 14"" 1080p Aluminium","DHA Phase 1, Lahore•17 hours ago","Rs 101,999",DHA Phase 1, Lahore,17 hours ago
Dell latitude 5480 Core i5 6th Gen,"China Scheme - Block B2, Lahore•17 hours ago","Rs 43,000",China Scheme - Block B2, Lahore,17 hours ago
HP Elite book core i5 8 generation,"Faisalabad, Punjab•17 hours ago","Rs 80,000",Faisalabad, Punjab,17 hours ago
"HP Laptop,02 hour battery time,orignal charger,Core i5,4/250Gb,2nd gen","Johar Town Phase 2, Lahore•17 hours ago","Rs 22,999",Johar Town Phase 2, Lahore,17 hours ago
Dell Latitude E7240 Core i5 4th gen,"Mazhar Farid Colony, Sadiqabad•17 hours ago","Rs 35,000",Mazhar Farid Colony, Sadiqabad,17 hours ago
Dell lattitude 6440 core i5 4th generation silver colour,"Saima Luxury Homes, Karachi•17 hours ago","Rs 35,000",Saima Luxury Homes, Karachi,17 hours ago
Lenovo Thinkpad W550s core I7 5th generation Laptop,"KDA Employees Society - Korangi, Karachi•17 hours ago","Rs 52,000",KDA Employees Society - Korangi, Karachi,17 hours ago
Lenovo t430 core i5,"Sabzazar, Lahore•17 hours ago","Rs 25,000",Sabzazar, Lahore,17 hours ago
Lenovo Core i5 7th Gen,"Gulnishan Park, Lahore•17 hours ago","Rs 48,000",Gulnishan Park, Lahore,17 hours ago
Lenovo x260/x270 core i5 6th generation 8gb ram 256gb ssd,"Bahria Town, Lahore•3 weeks ago","Rs 37,000",Bahria Town, Lahore,3 weeks ago
Dell core i5 2.40ghz 4gb ram 250gb HDD 8 month warranty,"Adiala Road, Rawalpindi•2 weeks ago","Rs 19,500",Adiala Road, Rawalpindi,2 weeks ago
Hp probook 640g3 Core i5 7th generation laptop,"100 Quarters, Karachi•4 weeks ago","Rs 47,999",100 Quarters, Karachi,4 weeks ago
Dell Latitude E7440  Laptop Core i5-4300 4GB 256SSD Fattani computers,"Gulshan-e-Iqbal Town, Karachi•4 weeks ago","Rs 33,000",Gulshan-e-Iqbal Town, Karachi,4 weeks ago
Slim  6th Gen Core i5 8gb ssd 256 gb 2k Touch Screen 360,"Sargodha, Punjab•3 weeks ago","Rs 35,000",Sargodha, Punjab,3 weeks ago
dell e5470 core i5 6th generation hq processor 100 battery health,"Kot Fareed Road, Sargodha•3 weeks ago","Rs 49,000",Kot Fareed Road, Sargodha,3 weeks ago
Toshiba Sleak Book core i5 4th Genration 4GB Ram 128GB SSD,"Shoukat Town, Lahore•18 hours ago","Rs 27,500",Shoukat Town, Lahore,18 hours ago
Dell Core i-5,"G-10, Islamabad•18 hours ago","Rs 23,500",G-10, Islamabad,18 hours ago
Dell Latitude 5580 - Intel Core i5 7300U / 2.6 GHz,"Civil Area Road, Okara•18 hours ago","Rs 90,000",Civil Area Road, Okara,18 hours ago
"HP ELITEBOOK 840 G5 CORE I5VPRO 8TH GENERATION 14""","Al Kabir Town, Lahore•18 hours ago","Rs 75,500",Al Kabir Town, Lahore,18 hours ago
Toshiba Core i5 3rd Gen,"North Nazimabad - Block F, Karachi•18 hours ago","Rs 22,999",North Nazimabad - Block F, Karachi,18 hours ago
Dell Latitude 5470 core i5 8th generation,"Bismillah Valley, Faisalabad•18 hours ago","Rs 55,000",Bismillah Valley, Faisalabad,18 hours ago
HP Pavilion 17 inch Core i3 5th Gen,"Airport, Karachi•18 hours ago","Rs 37,000",Airport, Karachi,18 hours ago
MACBOOK PRO 2015 13 INCH CTO MODLE CORE I5 2.9 16GB RAM 512GB SSD,"Cantt, Peshawar•18 hours ago","Rs 110,000",Cantt, Peshawar,18 hours ago
MacBook Air 2011 silver intel core i5,"Askari 11, Lahore•18 hours ago","Rs 45,000",Askari 11, Lahore,18 hours ago
"HP CORE i5 , 4th generation","Amer Pura, Rawalpindi•18 hours ago","Rs 33,500",Amer Pura, Rawalpindi,18 hours ago
MACBOOK PRO LATE 2020 Cto 13'' core i5 Q-C 2.0 /16GB RAM 512GB SSD,"G-9, Islamabad•18 hours ago","Rs 235,000",G-9, Islamabad,18 hours ago
hp probook 640 g2 core i5 6th gen ran 8gb dd4 hard 500gb touch screen,"Blue Area, Islamabad•18 hours ago","Rs 45,000",Blue Area, Islamabad,18 hours ago
lenovo t440p core i5 4th gen ram 4gb  hard 500gb  rs 34000-/,"AWT Housing Scheme, Rawalpindi•18 hours ago","Rs 30,000",AWT Housing Scheme, Rawalpindi,18 hours ago
MACBOOK PRO 2015 13 INCH CTO MODLE CORE I5 2.9 16GB RAM 512GB SSD,"G-9, Islamabad•18 hours ago","Rs 100,000",G-9, Islamabad,18 hours ago
Hp probook 450 G8  core i5 11th gen,"Blue Area, Islamabad•4 weeks ago","Rs 150,000",Blue Area, Islamabad,4 weeks ago
"Dell Core i5 6th Generation Laptop. . Better Than Hp , Lenovo","Cantt, Lahore•2 weeks ago","Rs 38,000",Cantt, Lahore,2 weeks ago
Core i5 i7 i3 Wholesale Laptops All Generations Read Ad,"Allama Iqbal Town, Lahore•2 weeks ago","Rs 25,000",Allama Iqbal Town, Lahore,2 weeks ago
"HP Elitebook 820 G3; Core i5 6th Gen, 8GB, 256M2 FATTANI COMPUTERS","Gulshan-e-Iqbal Town, Karachi•3 weeks ago","Rs 40,000",Gulshan-e-Iqbal Town, Karachi,3 weeks ago
HP Elite Book 840 G3 | Core i5 6th Generation | 8GB RAM | 256GB SSD,"Techno City, Karachi•23 hours ago","Rs 46,999",Techno City, Karachi,23 hours ago
dell e5470 core i5 6th generation hq processor 100 battery health,"Kot Fareed Road, Sargodha•3 weeks ago","Rs 49,000",Kot Fareed Road, Sargodha,3 weeks ago
MACBOOK PRO 2015 13 INCH Core i5 Cto Model 2.9 16GB RAM 512GB SSD,"Gulberg 3, Lahore•18 hours ago","Rs 100,000",Gulberg 3, Lahore,18 hours ago
Dell Latitude E7240 Core i5 4th generation,"Shadbagh, Lahore•18 hours ago","Rs 30,000",Shadbagh, Lahore,18 hours ago
HP CORE I5 5th Gen,"Darya Khan Road, Bhakkar•18 hours ago","Rs 35,000",Darya Khan Road, Bhakkar,18 hours ago
lenovo core I-5 laptop available,"Westridge, Rawalpindi•18 hours ago","Rs 32,000",Westridge, Rawalpindi,18 hours ago
HP Zbook core i7 5th generation,"Saroba Gardens Housing Society, Lahore•18 hours ago","Rs 72,000",Saroba Gardens Housing Society, Lahore,18 hours ago
Core i5 3rd generation 4ram 320 gb hard,"People Colony, Rawalpindi•18 hours ago","Rs 25,000",People Colony, Rawalpindi,18 hours ago
Dell Laptop . . . . core i5 with front camera,"Thokar Niaz Baig, Lahore•19 hours ago","Rs 35,000",Thokar Niaz Baig, Lahore,19 hours ago
Lenovo IdeaPad 310 core i5  7 generation,"Ravi Road, Okara•19 hours ago","Rs 35,000",Ravi Road, Okara,19 hours ago
MACBOOK AIR 2017 13 INCH CORE I5 1.8 8GB RAM 256GB SSD,"Gulberg 3, Lahore•19 hours ago","Rs 85,000",Gulberg 3, Lahore,19 hours ago
MACBOOK AIR 2015 13 INCH CORE i5 1.6 8GB RAM 256GB SSD,"Gulberg 3, Lahore•19 hours ago","Rs 75,000",Gulberg 3, Lahore,19 hours ago
Dell 2nd generation core i5 laptop 4gb ram 320gb hard 1 month warranty,"Ghazi Road, Lahore•19 hours ago","Rs 19,600",Ghazi Road, Lahore,19 hours ago
MACBOOK PRO LATE 2020 CTO MODLE 13 TOUCHBAR I5 QUAD-CORE2.0 16GB 512GB,"Cantt, Peshawar•19 hours ago","Rs 235,000",Cantt, Peshawar,19 hours ago
Toshiba Tecra Z40-B Core i5 5th Gen 128gb Msata 4gb Ram,"Federal B Area - Block 8, Karachi•19 hours ago","Rs 40,000",Federal B Area - Block 8, Karachi,19 hours ago
MACBOOK AIR 2015 13 INCH CORE I5 1.6 8GB RAM 256GB SSD LUSH CONDITION,"Cantt, Peshawar•19 hours ago","Rs 75,000",Cantt, Peshawar,19 hours ago
Lenovo T470 Core i 7 6th Gen Laptop 8GB-256 Backlit-FHD/HAROON TRADERS,"DHA Phase 5, Karachi•3 weeks ago","Rs 47,999",DHA Phase 5, Karachi,3 weeks ago
Hp probook 450 G8  core i5 11th gen,"Blue Area, Islamabad•4 weeks ago","Rs 150,000",Blue Area, Islamabad,4 weeks ago
LENOVO Thinkpad T14 G2 - Core i5 11th Gen - 16GB 512GB - W11 Pro,"Clifton - Block 7, Karachi•3 weeks ago","Rs 240,000",Clifton - Block 7, Karachi,3 weeks ago
Dell latitude 7480 Core i5 7th Generation Touch screen 8gb 256 M2 SSD,"100 Quarters, Karachi•4 weeks ago","Rs 48,999",100 Quarters, Karachi,4 weeks ago
Dell 5480 Core i5 6th gen Touch 8Gb/256Gb ssd,"Muslim Town, Faisalabad•2 weeks ago","Rs 44,999",Muslim Town, Faisalabad,2 weeks ago
Lenovo ThinkPad T450 Intel Core i5-5300U 08 GB 128GB  SSd,"Bani Gala, Islamabad•2 weeks ago","Rs 41,000",Bani Gala, Islamabad,2 weeks ago
MACBOOK AIR 2017 13 INCH CORE I5 1.8 8GB RAM 256GB SSD LUSH CONDITION,"Cantt, Peshawar•19 hours ago","Rs 85,000",Cantt, Peshawar,19 hours ago
Toshiba Core i5 Touch & Type 4th Gen,"Ancholi, Karachi•19 hours ago","Rs 24,500",Ancholi, Karachi,19 hours ago
DELL LATITUDE E5480 Core i5 6th Gen laptop.,"Katchery Chowk, Multan•19 hours ago","Rs 48,500",Katchery Chowk, Multan,19 hours ago
Lenovo Thinkpad x250 core i5 5th Generation,"Jinnah Chowk, Sukkur•19 hours ago","Rs 33,500",Jinnah Chowk, Sukkur,19 hours ago
Hp Core i5 2nd Generation,"E-7, Islamabad•19 hours ago","Rs 15,000",E-7, Islamabad,19 hours ago
hp leptop core i5,"Mardan Khas, Mardan•20 hours ago","Rs 43,000",Mardan Khas, Mardan,20 hours ago
"Core i5, 6th Generation 10/10 Mont Condition","E-11/2, Islamabad•20 hours ago","Rs 50,000",E-11/2, Islamabad,20 hours ago
Dell Laptop core I-5 5th generation,"Dhoke Ratta, Rawalpindi•20 hours ago","Rs 37,000",Dhoke Ratta, Rawalpindi,20 hours ago
HP ProBook 6560b Only Branded Core i5 2nd Gen 4GB Ram 320GB HDD,"Punjab Coop Housing - Block F2, Lahore•20 hours ago","Rs 26,500",Punjab Coop Housing - Block F2, Lahore,20 hours ago
Hp Probook Intel Core i5 Slim Laptop 10/10,"Samanabad, Lahore•20 hours ago","Rs 25,000",Samanabad, Lahore,20 hours ago
Dell Core i5 3rd Generation,"Dhok Paracha, Rawalpindi•20 hours ago","Rs 20,000",Dhok Paracha, Rawalpindi,20 hours ago
Dell vestro core i5 4gb ram 128 gb ssd,"Shershah Colony - Ichra, Lahore•20 hours ago","Rs 22,500",Shershah Colony - Ichra, Lahore,20 hours ago
core i5 8th generation x280,"Pakistan Town, Islamabad•20 hours ago","Rs 58,000",Pakistan Town, Islamabad,20 hours ago
Dell core i5 1 generation,"Afshan Colony, Rawalpindi•20 hours ago","Rs 10,000",Afshan Colony, Rawalpindi,20 hours ago
Core i5 i7 i3 Wholesale Laptops All Generations Read Ad,"Allama Iqbal Town, Lahore•2 weeks ago","Rs 25,000",Allama Iqbal Town, Lahore,2 weeks ago
Lenovo ThinkPad T450 Intel Core i5-5300U 08 GB 128GB  SSd,"Bani Gala, Islamabad•2 weeks ago","Rs 41,000",Bani Gala, Islamabad,2 weeks ago
Lenovo Thinkpad Laptop core i5 T480s T470 T460s used imported HP Dell,"DHA Defence, Lahore•4 weeks ago","Rs 47,000",DHA Defence, Lahore,4 weeks ago
"HP ZBook Studio G3, 32 gb ram, 1.5 tb NVME, Core i7-6th Gen, Gaming","Saddar, Rawalpindi•3 weeks ago","Rs 120,000",Saddar, Rawalpindi,3 weeks ago
Dell Core i5 8th generation laptop for sell,"Nowshera Bypass Road, Nowshera•3 days ago","Rs 80,000",Nowshera Bypass Road, Nowshera,3 days ago
Touch#360#slim#Hp 7Th Gen#8GB#256ssd#Core i5#A++ #1030 G2 Model,"Mandian, Abbottabad•3 weeks ago","Rs 69,999",Mandian, Abbottabad,3 weeks ago
HP Elitebook 840G3 Only Branded Core i5 6th gen 16GB RAM 256GB SSD,"Punjab Coop Housing - Block F2, Lahore•20 hours ago","Rs 56,500",Punjab Coop Housing - Block F2, Lahore,20 hours ago
Nec laptop core i5 third generation,"HBCHS - Haroon Bahria Society, Karachi•20 hours ago","Rs 22,000",HBCHS - Haroon Bahria Society, Karachi,20 hours ago
Fujitsu Core i5 6th Gen 4GB DDR4 320GB 5 Hours Battery 10/10,"Kala Gujran, Jhelum•21 hours ago","Rs 36,000",Kala Gujran, Jhelum,21 hours ago
core i5 hartdisk 250.    rame 4,"Waris Abad, Peshawar•21 hours ago","Rs 15,000",Waris Abad, Peshawar,21 hours ago
MACBOOK PRO 2019 15.4 inch core i9,"Clifton - Block 5, Karachi•21 hours ago","Rs 290,000",Clifton - Block 5, Karachi,21 hours ago
"Dell XPS 13 9350 Core I5 6th generation 8gb ,256gb","Chak 49 SB, Sargodha•21 hours ago","Rs 63,000",Chak 49 SB, Sargodha,21 hours ago
Fujitsu laptop Core i5 5th generation,"Multan, Punjab•21 hours ago","Rs 35,000",Multan, Punjab,21 hours ago
"Lenovo Thinkpad X240 - Core i5-4200U 12.5""LCD RAM4GB SSD128GB Win10","Tipu Sultan Road, Karachi•21 hours ago","Rs 27,999",Tipu Sultan Road, Karachi,21 hours ago
ASUS Gaming Core i5 7th GEN Radeon-2gb 1TB HDD 4gb DDR4 RAM 15.6 LED,"Garden Town Main Boulevard, Lahore•21 hours ago","Rs 50,000",Garden Town Main Boulevard, Lahore,21 hours ago
HP Probook 650 Core i5 6th 8gb 180gb ssd 15.6 Screen v good 10/10 LOT,"DHA Phase 1, Lahore•21 hours ago","Rs 53,500",DHA Phase 1, Lahore,21 hours ago
dell core i5 6th generation,"Ichhra, Lahore•22 hours ago","Rs 45,000",Ichhra, Lahore,22 hours ago
Laptop Dell Core i5 2nd Generation,"Saddar, Rawalpindi•22 hours ago","Rs 13,000",Saddar, Rawalpindi,22 hours ago
Dell Touch Screen Core i5 - 6th Generation - 8Gb Ram - 256 SSD,"Mansoorabad, Faisalabad•22 hours ago","Rs 58,000",Mansoorabad, Faisalabad,22 hours ago
HP EliteBook 840 G1 Core i5 16GB 500GB SSD,"Pine Valley, Pakpattan•22 hours ago","Rs 47,000",Pine Valley, Pakpattan,22 hours ago
"Dell Core i5 6th Generation Laptop. . Better Than Hp , Lenovo","Cantt, Lahore•2 weeks ago","Rs 38,000",Cantt, Lahore,2 weeks ago
LENOVO Thinkpad T14 G2 - Core i5 11th Gen - 16GB 512GB - W11 Pro,"Clifton - Block 7, Karachi•3 weeks ago","Rs 240,000",Clifton - Block 7, Karachi,3 weeks ago
HP probook 640 G3  Intel Core i5 7th Gen Laptop 8GB-256/HAROON TRADERS,"Saddar, Karachi•3 weeks ago","Rs 46,000",Saddar, Karachi,3 weeks ago
HP Elite Book 840 G3 | Core i5 6th Generation | 8GB RAM | 256GB SSD,"Techno City, Karachi•23 hours ago","Rs 46,999",Techno City, Karachi,23 hours ago
Dell Latitude E7440  Laptop Core i5-4300 4GB 256SSD Fattani computers,"Gulshan-e-Iqbal Town, Karachi•4 weeks ago","Rs 33,000",Gulshan-e-Iqbal Town, Karachi,4 weeks ago
"HP ProBook 650 G1 CORE I7 Quad Core  4TH GEN 15.6"" NUMPAD LAPTOP","North Karachi - Sector 5-C, Karachi•3 weeks ago","Rs 37,500",North Karachi - Sector 5-C, Karachi,3 weeks ago
"Hp 15,6inch Display core i5 7TH Genration 10GB DDR4 RAM 256 SSD","Shoukat Town, Lahore•22 hours ago","Rs 49,999",Shoukat Town, Lahore,22 hours ago
"Lenovo X1 Carbon
core i5 5th generation","Bahadurabad, Karachi•22 hours ago","Rs 50,000",Bahadurabad, Karachi,22 hours ago
#Dell XPS 13 9350 Ultra Hi End 13.3″ FHD Core i5-6200u,"G-9, Islamabad•22 hours ago","Rs 65,000",G-9, Islamabad,22 hours ago
7th Gen!!8GB DDR#4!!128 m2!!Core i5!!Dell 7280 A+!!3Hur Bckup,"Abbottabad, Khyber Pakhtunkhwa•22 hours ago","Rs 49,999",Abbottabad, Khyber Pakhtunkhwa,22 hours ago
HP laptop core i5 1st gen for sale,"Shadbagh, Lahore•23 hours ago","Rs 17,000",Shadbagh, Lahore,23 hours ago
hp elitebook 840 g2 core i5 5th gen 1gb graphic card -:03018531671,"Jora Pull, Lahore•23 hours ago","Rs 47,000",Jora Pull, Lahore,23 hours ago
HP Probook Core I5,"Others, Sukkur•23 hours ago","Rs 45,000",Others, Sukkur,23 hours ago
Dell XPS 13 9360 Ultra Hi End 13.3″ full Hd Core i5-7200,"G-9, Islamabad•23 hours ago","Rs 70,000",G-9, Islamabad,23 hours ago
Lenovo Core i5 10th-GEN 512gb-NVME-SSD 8gb-DDR4-RAM 15.6inch HD LED,"Garden Town Main Boulevard, Lahore•23 hours ago","Rs 75,000",Garden Town Main Boulevard, Lahore,23 hours ago
HP elitebook g1 840 core i5 4th generation,"Orangi Town - Sector 8, Karachi•23 hours ago","Rs 34,999",Orangi Town - Sector 8, Karachi,23 hours ago
"Company:Dell
Core i5 3rd Generation","Okara Bypass Road, Okara•23 hours ago","Rs 35,000",Okara Bypass Road, Okara,23 hours ago
"hp Elitebook core i5 5th Gen "" G2","G-10, Islamabad•23 hours ago","Rs 46,000",G-10, Islamabad,23 hours ago
hp 8470p core i5 3rd generation laptop,"Jaranwala, Faisalabad•23 hours ago","Rs 26,000",Jaranwala, Faisalabad,23 hours ago
Dell laptop core i5 2nd generation,"Ramtali Road, Gujrat•23 hours ago","Rs 29,500",Ramtali Road, Gujrat,23 hours ago
Dell E7470 Ultrabook Core i7 & i5 6th Gen LAPTOP 8-256/HAROON TRADERS,"Saddar, Karachi•3 weeks ago","Rs 44,999",Saddar, Karachi,3 weeks ago
"2019 MacBook Air, 1.6GHz Intel Core i5 (13"" 8GB RAM, 128GB SSD) Gold","New City Phase 2, Wah•23 hours ago","Rs 169,999",New City Phase 2, Wah,23 hours ago
Dell laptop core i 5 2nd generation,"Ramtali Road, Gujrat•23 hours ago","Rs 29,500",Ramtali Road, Gujrat,23 hours ago
Laptop Dell Core i5 2nd Generation,"Chandni Chowk, Rawalpindi•23 hours ago","Rs 10,000",Chandni Chowk, Rawalpindi,23 hours ago
DELL INSPIRON CORE I5 4TH GEN BACKLIT TOUCH SCREEN 8GB RAM 500GB,"Gulshan-e-Iqbal Town, Karachi•1 day ago","Rs 44,999",Gulshan-e-Iqbal Town, Karachi,1 day ago
Dell core i5 3rd generation 10/9 condition,"H-9, Islamabad•1 day ago","Rs 25,000",H-9, Islamabad,1 day ago
Dell laptop | laptop | dell | DELL LATITUDE E5440 core i5 4th Gen,"Gulistan-e-Jauhar Block 17, Karachi•1 day ago","Rs 31,000",Gulistan-e-Jauhar Block 17, Karachi,1 day ago
Laptop Dell inspiron n5110 intel core i5 2nd generation,"Singhpura, Lahore•1 day ago","Rs 18,000",Singhpura, Lahore,1 day ago
laptop | Dell laptop | Dell e7440 core i5 4th Gen | affordable laptop,"Buffer Zone 1, Karachi•1 day ago","Rs 30,999",Buffer Zone 1, Karachi,1 day ago
"Laptop - Levovo G50-80, Core i5","Korangi Road, Karachi•1 day ago","Rs 35,999",Korangi Road, Karachi,1 day ago
"Levovo G50-80, Core i5","Saddar, Karachi•1 day ago","Rs 36,000",Saddar, Karachi,1 day ago
"core i5
2nd generation 10/10 
16gb Ram
128gb ssd","Jhumra Road, Faisalabad•1 day ago","Rs 25,000",Jhumra Road, Faisalabad,1 day ago
hp core i5,"Mohallah Raja Sultan, Rawalpindi•1 day ago","Rs 45,000",Mohallah Raja Sultan, Rawalpindi,1 day ago
Dell Latitude e6440 Core I5 4th Generation RAM 4gb Harddisk 500 gb,"Samanabad, Lahore•1 day ago","Rs 41,500",Samanabad, Lahore,1 day ago
Apple imac 2019. . 2017. . 2015. . 2013 core i5 i7 all available,"Gulberg 1, Lahore•1 day ago","Rs 200,000",Gulberg 1, Lahore,1 day ago
HP Core i5 - Elite Book 8440p for Sale,"PWD Housing Society - Block A, Islamabad•1 day ago","Rs 24,000",PWD Housing Society - Block A, Islamabad,1 day ago
Dell laptop core i7 brand new = Ram 32GB Hp i5 all good,"Model Town B, Bahawalpur•1 day ago","Rs 31,000",Model Town B, Bahawalpur,1 day ago
Dell laptop core i7 never used all good working -brand hp i5 all ok,"Akberabad, Sialkot•1 day ago","Rs 31,000",Akberabad, Sialkot,1 day ago
Dell laptop core i7 pin packed good brand new- hp i5  new,"Abid Colony, Multan•1 day ago","Rs 31,000",Abid Colony, Multan,1 day ago
Dell core i7 laptops Everything Good hp new i5 full apple ok all,"Abdullah Sports City, Hyderabad•1 day ago","Rs 31,000",Abdullah Sports City, Hyderabad,1 day ago
Dell laptop core i7 Match Box good All ok i5 Very ok  new hp,"Saddar Town, Karachi•1 day ago","Rs 31,000",Saddar Town, Karachi,1 day ago
Dell laptop core i7 Perfect nice Good ok i5 apple ok hp,"Muzzaffarabad City, Muzaffarabad•1 day ago","Rs 31,000",Muzzaffarabad City, Muzaffarabad,1 day ago
Dell laptop core i7 Ram 32GB warranty perfect ( i5 _ hp ),"Blue Area, Islamabad•1 day ago","Rs 31,000",Blue Area, Islamabad,1 day ago
Dell laptop core i7 Ram 32GB good new all ok ( i5 _ hp ) all o,"Gulberg, Lahore•1 day ago","Rs 31,000",Gulberg, Lahore,1 day ago
Dell laptop core i7 { Hp i5 Everything  ok } apple perfect,"Afan Gee Town, Gujranwala•1 day ago","Rs 31,000",Afan Gee Town, Gujranwala,1 day ago
Dell laptop core i7 Ram 32GB Everything good ( i5 hp ) accessories,"Abdullah City, Faisalabad•1 day ago","Rs 31,000",Abdullah City, Faisalabad,1 day ago
Branded apple Laptop match box HP & Dell core i7 also i5,"Bahria Town Rawalpindi, Rawalpindi•1 day ago","Rs 31,000",Bahria Town Rawalpindi, Rawalpindi,1 day ago
Dell laptop core i7 : all Perfect Working hp apple - i5 ok,"Alamdar Road, Quetta•1 day ago","Rs 31,000",Alamdar Road, Quetta,1 day ago
Acer Laptop Core I5 6th Gen 4/128 GB SSD,"Gulshan Park, Lahore•1 day ago","Rs 21,999",Gulshan Park, Lahore,1 day ago
Dell core i5 7th generation full slim laptop for sale condition 10/10,"Faisalabad, Punjab•1 day ago","Rs 38,000",Faisalabad, Punjab,1 day ago
Dell core i5 6th generation in very low price for sale,"Ashrafabad, Faisalabad•1 day ago","Rs 35,000",Ashrafabad, Faisalabad,1 day ago
Dell Core i5 6th generation (8/256),"Chamkani, Peshawar•1 day ago","Rs 55,000",Chamkani, Peshawar,1 day ago
Core i5 7th Generation HP Laptops -HP DELL 6th 7th 8th Gen Laptop,"Johar Town, Lahore•1 day ago","Rs 59,000",Johar Town, Lahore,1 day ago
Dell latitude Core i5,"Shadbagh, Lahore•1 day ago","Rs 21,500",Shadbagh, Lahore,1 day ago
HP EliteBook 820 G3 Core i5 Gen: 6th RAM: 8 GB SSD: 256 GB,"Tench Bhata, Rawalpindi•1 day ago","Rs 48,500",Tench Bhata, Rawalpindi,1 day ago
"HP Folio 9480m Core i5  Gen: 4th RAM: 8 GB SSD: 256 GB Disp: 14""","Bahria Town Phase 7, Rawalpindi•1 day ago","Rs 46,500",Bahria Town Phase 7, Rawalpindi,1 day ago
Toshiba Laptop Core i5 6th Gen,"Askari Park, Karachi•1 day ago","Rs 48,000",Askari Park, Karachi,1 day ago
Dell latitude 5490 Touchscreen Core i5  Gen: 8th RAM: 8GB SSD: 256GB,"Westridge, Rawalpindi•1 day ago","Rs 62,500",Westridge, Rawalpindi,1 day ago
Lenovo thinkpad T470 Core i5 Quad Core Gen: 6th  RAM: 8GB,"Afshan Colony, Rawalpindi•1 day ago","Rs 56,500",Afshan Colony, Rawalpindi,1 day ago
HP Elitebook 840 G5 Core i5  Gen: 8th  RAM: 16GB SSD: 256G,"DHA Defence Phase 1, Islamabad•1 day ago","Rs 74,999",DHA Defence Phase 1, Islamabad,1 day ago
Intel Core i5 5th Gen/8GB/500GB/12.5″ HD LED/Win 10,"Jhang Sadar, Jhang•1 day ago","Rs 40,000",Jhang Sadar, Jhang,1 day ago
Lenovo x260 Core i5 6th Generation,"Khaizi, Quetta•1 day ago","Rs 37,999",Khaizi, Quetta,1 day ago
"Samsung Ultra Book
Core i5 Touch Screen","Gulistan-e-Jauhar Block 12, Karachi•1 day ago","Rs 53,000",Gulistan-e-Jauhar Block 12, Karachi,1 day ago
Core i5 3rd gen fujitsu,"Ashraf Town, Chakwal•1 day ago","Rs 25,000",Ashraf Town, Chakwal,1 day ago
DELL 7490 CORE I5 8TH GENERATION,"Rasheed Town, Peshawar•1 day ago","Rs 70,000",Rasheed Town, Peshawar,1 day ago
toshiba core i7 4th generation,"New Karachi - Sector 5-M, Karachi•1 day ago","Rs 32,000",New Karachi - Sector 5-M, Karachi,1 day ago
hp laptop core i5 8th generation,"I-9, Islamabad•1 day ago","Rs 55,000",I-9, Islamabad,1 day ago
HP Elitebook 850 G3 Core i5 6th Gen. 8GB RAM 128GB M. 2 SSD 500GB HDD,"RJ Shopping Mall, Karachi•1 day ago","Rs 60,000",RJ Shopping Mall, Karachi,1 day ago
Lenovo Yoga X370 7th Gen. Core i5 X360 Touch Screen,"RJ Shopping Mall, Karachi•1 day ago","Rs 50,000",RJ Shopping Mall, Karachi,1 day ago
"Lenovo X1 Carbon Core i5 6th Gen. 14"" FHD IPS Display","RJ Shopping Mall, Karachi•1 day ago","Rs 48,000",RJ Shopping Mall, Karachi,1 day ago
"SALE OFFER Dell Latitude E5500 Core i5 8th Gen. 15.6"" FHD Screen","RJ Shopping Mall, Karachi•1 day ago","Rs 70,000",RJ Shopping Mall, Karachi,1 day ago
Medion Erazer P7651  workstation core i5-8th 4gb GTX 1050 16/512gb,"Gulberg 3, Lahore•1 day ago","Rs 98,000",Gulberg 3, Lahore,1 day ago
core i5 3rd gen laptop,"Gulistan-e-Jauhar, Karachi•1 day ago","Rs 20,000",Gulistan-e-Jauhar, Karachi,1 day ago
Dell Latitude E5590 - Core i5 8th Gen 8GB RAM SIZE 15.6 NUMARIC PAD,"Hussainabad, Karachi•1 day ago","Rs 75,000",Hussainabad, Karachi,1 day ago
Dell laptop core i5 4th generation,"Kulla Dheri, Charsadda•1 day ago","Rs 38,000",Kulla Dheri, Charsadda,1 day ago
"Dell E5570 Core i 5 8GB-256SSD 15.6""Numpad /HAROON TRADERS","Techno City, Karachi•1 day ago","Rs 49,999",Techno City, Karachi,1 day ago
Hp Core i5 7th generation,"Saddar, Karachi•1 day ago","Rs 47,000",Saddar, Karachi,1 day ago
"HP Laptop Core i5 , 5th generation,8gb Ram ,128 ssd","Others, Sahiwal•1 day ago","Rs 42,000",Others, Sahiwal,1 day ago
Hp Elitebook 840 G8 Core i5 11th generation,"Saddar, Rawalpindi•1 day ago","Rs 155,000",Saddar, Rawalpindi,1 day ago
HP Probook Laptop Core i5,"Mehmoodabad, Karachi•1 day ago","Rs 21,000",Mehmoodabad, Karachi,1 day ago
HP Core i5 6th Generation Touch Screen,"Buffer Zone 2, Karachi•1 day ago","Rs 60,000",Buffer Zone 2, Karachi,1 day ago
lenovo thin pad core i5 generation 7 lush condition,"Rasool Park, Lahore•1 day ago","Rs 35,000",Rasool Park, Lahore,1 day ago
Dell core i-5,"I-10, Islamabad•1 day ago","Rs 24,000",I-10, Islamabad,1 day ago
Dell Core i5 6th Generation,"Mehmoodabad, Karachi•1 day ago","Rs 35,500",Mehmoodabad, Karachi,1 day ago
Lenovo Ideapad 330s core i5 8th gen,"New Garden Town, Lahore•1 day ago","Rs 72,000",New Garden Town, Lahore,1 day ago
Dell Latitude E6440 Core i5 4th generation,"Bahria Town Phase 8, Rawalpindi•1 day ago","Rs 29,000",Bahria Town Phase 8, Rawalpindi,1 day ago
Hp laptop core i5,"Faisalabad, Punjab•1 day ago","Rs 32,000",Faisalabad, Punjab,1 day ago
hp core i5 4th gen,"Sabzazar, Lahore•1 day ago","Rs 29,000",Sabzazar, Lahore,1 day ago
Toshiba core i5 gemeration 4,"Others, Burewala•1 day ago","Rs 35,000",Others, Burewala,1 day ago
Dell Inspiron 3501 Core i5 11th Gen,"Bani Gala, Islamabad•1 day ago","Rs 100,000",Bani Gala, Islamabad,1 day ago
Core i7 5th generation condition 10 by 9,"Gulberg 3, Lahore•1 day ago","Rs 45,000",Gulberg 3, Lahore,1 day ago
Asus core i5 4th gen touch screen,"Shah Faisal Town, Karachi•1 day ago","Rs 50,000",Shah Faisal Town, Karachi,1 day ago
hp 840 G1 core i5 4th gen,"Allama Iqbal Town, Lahore•1 day ago","Rs 30,000",Allama Iqbal Town, Lahore,1 day ago
fresh lika a new Dell latitude 6220 core i5 2nd 6gb rams  250gb HDD .,"Korangi, Karachi•1 day ago","Rs 16,500",Korangi, Karachi,1 day ago
Dell Latitude 3340 Core i5 4th gan 8GB Ram 500GB HDD,"Model City 2, Faisalabad•1 day ago","Rs 29,000",Model City 2, Faisalabad,1 day ago
Hp core I5 12th gen,"I-10/2, Islamabad•1 day ago","Rs 135,000",I-10/2, Islamabad,1 day ago
HP EiteBook 840 Intel Core i5 - 4th Generation vPro,"PWD Colony, Rawalpindi•1 day ago","Rs 42,500",PWD Colony, Rawalpindi,1 day ago
"Hp EliteBook 745 G4
Core i5
8th Generation","Green View Colony, Faisalabad•1 day ago","Rs 55,000",Green View Colony, Faisalabad,1 day ago
HP Laptop Core i5 5th Generation model 5300,"Rehmanpura - Block G, Lahore•1 day ago","Rs 38,000",Rehmanpura - Block G, Lahore,1 day ago
HP Pavilion Laptop 15-cs1xxx — Core i5,"Eden Life Islamabad, Islamabad•1 day ago","Rs 79,000",Eden Life Islamabad, Islamabad,1 day ago
Lenovo ideapad 330 core i5 8th generation,"Gulbahar, Peshawar•2 days ago","Rs 64,000",Gulbahar, Peshawar,2 days ago
HP Core i5 6th generation for sale!,"Gulberg 3, Lahore•2 days ago","Rs 45,000",Gulberg 3, Lahore,2 days ago
HP laptop core i3 5th generation 4gb ram 500 hard drive delllenovoacer,"Saeedabad, Karachi•2 days ago","Rs 40,000",Saeedabad, Karachi,2 days ago
"Lenovo E550, Core i7 5th Generation, 16GB RAM, 128GB SSD, 500GB HDD","Shadman, Karachi•2 days ago","Rs 45,000",Shadman, Karachi,2 days ago
Apple Macbook Pro Core i5,"Rahim Yar Khan Road, Khanpur•2 days ago","Rs 47,000",Rahim Yar Khan Road, Khanpur,2 days ago
MacBook Pro Core i5,"Khanpur Bypass, Khanpur•2 days ago","Rs 50,000",Khanpur Bypass, Khanpur,2 days ago
Lenovo T450 core i5  5th generation double battery 4/5 hours timing,"Model Town C, Bahawalpur•2 days ago","Rs 36,000",Model Town C, Bahawalpur,2 days ago
Hp elitebook core i5 5th Gen 840 G2,"Line Park Mohalla, Chakwal•2 days ago","Rs 46,000",Line Park Mohalla, Chakwal,2 days ago
Dell E6420 core i5 3rd generation,"Latifabad, Hyderabad•2 days ago","Rs 25,000",Latifabad, Hyderabad,2 days ago
DEL Latitude Core i5-2520M CPU Laptop,"Jhang Chiniot Road, Chiniot•2 days ago","Rs 30,000",Jhang Chiniot Road, Chiniot,2 days ago
Dell Latitude E6420 Core i5 2nd Gen,"Babar Colony, Rahimyar Khan•2 days ago","Rs 20,000",Babar Colony, Rahimyar Khan,2 days ago
Dell Laptop Core i5 2nd-G,"Township, Lahore•2 days ago","Rs 16,000",Township, Lahore,2 days ago
HP laptop core i5,"Others, Sialkot•2 days ago","Rs 28,000",Others, Sialkot,2 days ago
core i5 ist gen Laptop,"Darul Islam Colony, Attock•2 days ago","Rs 17,500",Darul Islam Colony, Attock,2 days ago
Core i5 2ND Generation slip laptop,"Heerabad, Hyderabad•2 days ago","Rs 24,000",Heerabad, Hyderabad,2 days ago
Dell E5420 core i5 2nd generation 6GB ram and 128 GB SSD,"Jafar-E-Tayyar, Karachi•2 days ago","Rs 22,000",Jafar-E-Tayyar, Karachi,2 days ago
MSI GAMING LAPTOP CORE I5,"PWD Housing Scheme, Islamabad•2 days ago","Rs 180,000",PWD Housing Scheme, Islamabad,2 days ago
HP core i5 2nd generation,"Nowshera Road, Charsadda•2 days ago","Rs 20,000",Nowshera Road, Charsadda,2 days ago
laptop core i5 ddr 3,"Pak Arab Housing Society Phase 2, Lahore•2 days ago","Rs 25,000",Pak Arab Housing Society Phase 2, Lahore,2 days ago
HP Core i5 2nd gen,"Korangi Industrial Area, Karachi•2 days ago","Rs 25,000",Korangi Industrial Area, Karachi,2 days ago
lenovo t450 core i5 5th generation,"I-9, Islamabad•2 days ago","Rs 32,500",I-9, Islamabad,2 days ago
HP 840 G1 - core i5 4th gen-ssd 128 -condition 8/10,"Shadbagh, Lahore•2 days ago","Rs 36,500",Shadbagh, Lahore,2 days ago
"Lenovo Thinkpad T420, Core i5-2nd Generation, 14"" Display.","Gulistan-e-Jauhar Block 1, Karachi•2 days ago","Rs 23,000",Gulistan-e-Jauhar Block 1, Karachi,2 days ago
dell laptop 6420 core i5 2nd generation 10/9 condition,"Others, Faisalabad•2 days ago","Rs 16,500",Others, Faisalabad,2 days ago
Dell intel CORE i5 vpro 7th generation for sale,"Dhamyal Road, Rawalpindi•2 days ago","Rs 100,000",Dhamyal Road, Rawalpindi,2 days ago
HP Elitebook 8470p – Intel Core i5 – 4GB Ram – 500GB HDD,"North Nazimabad, Karachi•2 days ago","Rs 27,500",North Nazimabad, Karachi,2 days ago
HP 840 G1- core i5 4th gen-ssd 128-condition 10/8,"Shadbagh, Lahore•2 days ago","Rs 36,500",Shadbagh, Lahore,2 days ago
"Dell inspiron 5423, Core i5 3rd Generation,14 Inch HD Display Slimbook","DHA Defence, Karachi•2 days ago","Rs 27,000",DHA Defence, Karachi,2 days ago
"Hp Pavilion 14 Core i5 7th Generation, 8GB Ram, 256 SSD, 14 inch HD","Korangi, Karachi•2 days ago","Rs 56,000",Korangi, Karachi,2 days ago
"Lenovo Thinkpad T470 Core i5 7th Gen, 8GB, 256GB SSD, 14″ FHD LED","Saddar, Rawalpindi•2 days ago","Rs 57,000",Saddar, Rawalpindi,2 days ago
Dell Latitude E6430 Core i5 Urgent Sale,"Mai Kolachi Bypass, Karachi•2 days ago","Rs 21,000",Mai Kolachi Bypass, Karachi,2 days ago
Dell laptop core i7 Perfect nice Good all ok i5 New apple ok hp i3,"Dawood Residency Housing Scheme, Lahore•2 days ago","Rs 35,000",Dawood Residency Housing Scheme, Lahore,2 days ago
Dell laptop core i7 Ram 32GB warranty 2 years ( i5 _ hp ),"Defence View Society, Karachi•2 days ago","Rs 35,000",Defence View Society, Karachi,2 days ago
HP folio 9470m Core i5 3rd Gen 4GB RAM 128 GB SSD,"North Nazimabad - Block U, Karachi•2 days ago","Rs 33,000",North Nazimabad - Block U, Karachi,2 days ago
Dell laptop core i7 Ram 32GB good working new all ok ( i5 _ hp ),"Emaar Canyon Views, Islamabad•2 days ago","Rs 35,000",Emaar Canyon Views, Islamabad,2 days ago
Dell laptops core i7 ( pin packed apple ) condition perfect (  i5 ),"H-8, Islamabad•2 days ago","Rs 35,000",H-8, Islamabad,2 days ago
Fujitsu lifebook Laptop Core i5 3rd Generation,"Islampura, Khanewal•2 days ago","Rs 22,000",Islampura, Khanewal,2 days ago
Dell XPS 13-9360 Intel Core i5 7th Gen 8/256 SSD NVME Laptop,"High Court Society - Phase 2, Lahore•2 days ago","Rs 29,000",High Court Society - Phase 2, Lahore,2 days ago
Core I 5 3rd gen laptop Amd series,"Sadiqa Abad, Rawalpindi•2 days ago","Rs 20,000",Sadiqa Abad, Rawalpindi,2 days ago
core i5 2nd generation,"Korangi Industrial Area, Karachi•2 days ago","Rs 13,000",Korangi Industrial Area, Karachi,2 days ago
HPzbook Core i5 5thGen 128ssd 8gbram/512hard intelR HDGraphicsCard5500,"G-11, Islamabad•2 days ago","Rs 42,000",G-11, Islamabad,2 days ago
"Dell Vostro Core i5-m430 15"" inch display (Exchange Possible)","Ahmad Abad, Rawalpindi•2 days ago","Rs 40,000",Ahmad Abad, Rawalpindi,2 days ago
LENOVO E560 CORE i5 6th gen,"Gulshan-E-Hadeed, Karachi•2 days ago","Rs 46,000",Gulshan-E-Hadeed, Karachi,2 days ago
"HP elite Book 8470p Core i5 3rd GN 4 GB Ram, 230 HDD (30 Mints )","Friends Colony, Rawalpindi•2 days ago","Rs 35,000",Friends Colony, Rawalpindi,2 days ago
Acer Laptop Core I5 6th Gen 4/128 GB SSD Switch Alpha SA5 271-P,"Gulshan Farooq Colony, Lahore•2 days ago","Rs 24,999",Gulshan Farooq Colony, Lahore,2 days ago
Dell Latittude E6440 Core I5 4th Generation,"Saddar, Rawalpindi•2 days ago","Rs 30,000",Saddar, Rawalpindi,2 days ago
Laptop HP Core i5 (FRESH QUALITY),"Jafar-E-Tayyar, Karachi•2 days ago","Rs 25,500",Jafar-E-Tayyar, Karachi,2 days ago
HP Pavillion 14 X360 Core I5 8 Gen Touch Screen,"Saddar, Rawalpindi•2 days ago","Rs 65,000",Saddar, Rawalpindi,2 days ago
HP Core i5 10th-GEN 256gb-SSD & 1TB-HDD 8gb-RAM 15.6inch HD LED Win-11,"Garden Town Main Boulevard, Lahore•2 days ago","Rs 85,000",Garden Town Main Boulevard, Lahore,2 days ago
Toshiba Tecra Laptop Core i5 4th Gen,"Others, Toba Tek singh•2 days ago","Rs 34,000",Others, Toba Tek singh,2 days ago
Dell laptop core i5 3rd Generation 128 (SSD),"Kaddi, Swabi•2 days ago","Rs 28,999",Kaddi, Swabi,2 days ago
Lenovo L440 Core i5 4Gen,"Shumali Mohalla Road, Jhelum•2 days ago","Rs 35,000",Shumali Mohalla Road, Jhelum,2 days ago
"Dell laptop, core i5, 4th Generation, 500GB Hard & 128GB SSD","Hasilpur to Vehari Road, Vehari•2 days ago","Rs 42,000",Hasilpur to Vehari Road, Vehari,2 days ago
Hp Probook G1 650 Core i5 4th gen,"Saddar, Rawalpindi•2 days ago","Rs 32,000",Saddar, Rawalpindi,2 days ago
MacBook Air 2015 | 13.3 inches | Intel Core i5 1.6 GHz Processor,"Gulberg 2, Lahore•2 days ago","Rs 79,999",Gulberg 2, Lahore,2 days ago
Core i5 5th generation,"GT Road, Taxila•2 days ago","Rs 35,000",GT Road, Taxila,2 days ago
Dell laptop core i7 Perfect nice Good all ok i5 New apple ok hp i3,"Abubakar Park, Gujranwala•2 days ago","Rs 31,000",Abubakar Park, Gujranwala,2 days ago
Dell laptop core i7 Ram 32GB warranty 2 years ( i5 _ hp ),"Abdullah Defence Housing Scheme, Faisalabad•2 days ago","Rs 31,000",Abdullah Defence Housing Scheme, Faisalabad,2 days ago
Dell laptop core i7 Ram 32GB good working new all ok ( i5 _ hp ),"Satellite Town, Rawalpindi•2 days ago","Rs 31,000",Satellite Town, Rawalpindi,2 days ago
Dell Laptop Core I5,"Machine Mohalla, Jhelum•2 days ago","Rs 50,000",Machine Mohalla, Jhelum,2 days ago
Dell laptops core i7 ( excllent work condition perfect (  Hp i5 ),"Royal Gardens, Sialkot•2 days ago","Rs 31,000",Royal Gardens, Sialkot,2 days ago
Dell laptops core i7 ( pin packed apple ) condition perfect (  i5 ),"Lohari Gate Multan, Multan•2 days ago","Rs 31,000",Lohari Gate Multan, Multan,2 days ago
Dell laptop core i7 Ram 32GB Perfect condition all ok new ( i5 Apple ),"New Peshawar Valley, Peshawar•2 days ago","Rs 31,000",New Peshawar Valley, Peshawar,2 days ago
Dell laptop core i7 • 10thGen { Hp i5 BUMPER OFFER } apple i3 perfect,"Gulberg, Lahore•2 days ago","Rs 31,000",Gulberg, Lahore,2 days ago
Dell laptop core i7 Ram 32GB Everything good ( i5 _ hp ) new apple i3,"7th Avenue, Islamabad•2 days ago","Rs 31,000",7th Avenue, Islamabad,2 days ago
Branded apple Laptop In apple i3 new = HP & Dell core i7 also i5,"Balochi Street, Quetta•2 days ago","Rs 31,000",Balochi Street, Quetta,2 days ago
Dell laptop core i7 : all Perfect Working 2TB SSD hp apple - i5 ok i3,"Muzzaffarabad City, Muzaffarabad•2 days ago","Rs 31,000",Muzzaffarabad City, Muzaffarabad,2 days ago
Dell core i5 6th generation . Touch screen,"Landhi 1, Karachi•2 days ago","Rs 42,000",Landhi 1, Karachi,2 days ago
Dell Latitude 7285 core i5 7th generation 8/256 3k,"Satellite Town - Block D, Rawalpindi•2 days ago","Rs 50,000",Satellite Town - Block D, Rawalpindi,2 days ago
Dell Latitude e7240 core i5 4th generation,"Canal Bank Housing Scheme, Lahore•2 days ago","Rs 28,000",Canal Bank Housing Scheme, Lahore,2 days ago
Lenovo ThinkBook Core i5 10th Generation,"PWD Colony, Rawalpindi•2 days ago","Rs 100,000",PWD Colony, Rawalpindi,2 days ago
Lenovo core i5 3gb+300gb,"Saeedabad, Matiari•2 days ago","Rs 28,000",Saeedabad, Matiari,2 days ago
HP 8470P core i5 3RD gen,"Saddar, Karachi•2 days ago","Rs 22,500",Saddar, Karachi,2 days ago
dell latitude E7240 core I 5,"Askari 14, Rawalpindi•2 days ago","Rs 33,000",Askari 14, Rawalpindi,2 days ago
Laptops Available Hp & Dell Core i5 i7,"Others, Karachi•2 days ago","Rs 25,000",Others, Karachi,2 days ago
Core i5 2nd generation,"Akhtar Colony, Karachi•2 days ago","Rs 27,000",Akhtar Colony, Karachi,2 days ago
HP core i5 5th generation,"Faisalabad, Punjab•2 days ago","Rs 40,000",Faisalabad, Punjab,2 days ago
core i5 1st generation,"Mian Khel Bazar, Kohat•2 days ago","Rs 21,500",Mian Khel Bazar, Kohat,2 days ago
core I 5 8 gb ram toch led,"Manga Mandi, Lahore•2 days ago","Rs 65,000",Manga Mandi, Lahore,2 days ago
HP VICTUS RTX 3050 CORE I5 12TH GEN BRAND NEW LAPTOP (MRLAPTOP),"Blue Area, Islamabad•2 days ago","Rs 249,999",Blue Area, Islamabad,2 days ago
core i5 2nd genration jo picture ma hai same wesa he ha,"Faiz Colony, Sialkot•2 days ago","Rs 22,000",Faiz Colony, Sialkot,2 days ago
Lenovo 11th Gen Core i 5 Laptop,"University Chowk, Bahawalpur•2 days ago","Rs 115,000",University Chowk, Bahawalpur,2 days ago
DELL Laptop core i5,"Jail Road, Lahore•2 days ago","Rs 25,000",Jail Road, Lahore,2 days ago
hp elite book 8074p core i5 3rd gen,"Gulshan-e-Hayat - Block B, Faisalabad•2 days ago","Rs 24,999",Gulshan-e-Hayat - Block B, Faisalabad,2 days ago
"HP Victus 15, Core i5 12th Gen Gtx 1650 4GB","DHA Phase 8, Lahore•2 days ago","Rs 190,000",DHA Phase 8, Lahore,2 days ago
Laptop Lenovo Core -i 5 6th Generation,"North Karachi - Sector 11K, Karachi•2 days ago","Rs 41,500",North Karachi - Sector 11K, Karachi,2 days ago
Dell laptop e7270 core i5 6 generation,"Bilal Colony, Multan•2 days ago","Rs 45,000",Bilal Colony, Multan,2 days ago
dell core i5 4th generation UAE model,"Darul Islam Colony, Attock•2 days ago","Rs 35,000",Darul Islam Colony, Attock,2 days ago
"Dell Latitude E6330, Core i5-3rd Generation, 12.5 inch Display.","Gulistan-e-Jauhar Block 1, Karachi•2 days ago","Rs 28,000",Gulistan-e-Jauhar Block 1, Karachi,2 days ago
"Lenovo laptop E540 core i5/4 Generation, 8gb Ram, 128 SSD","Peoples Colony No 2, Faisalabad•2 days ago","Rs 48,500",Peoples Colony No 2, Faisalabad,2 days ago
Dell core i5 7th generation 10/10,"H-10, Islamabad•2 days ago","Rs 70,000",H-10, Islamabad,2 days ago
"HP 840 G3, Core i5 6th Gen, 8Gb, 128Gb+300Gb","Bhara kahu, Islamabad•2 days ago","Rs 50,000",Bhara kahu, Islamabad,2 days ago
laptop Core i5 6th generation 8/256ssd ; 16/256ssd; 8/512ssd available,"Jinnah Town, Khanpur•2 days ago","Rs 50,000",Jinnah Town, Khanpur,2 days ago
HP Laptop 15 (8th Generation) Intel Core i5-8260U SSD: 256GB RAM: 16 G,"Valencia Town, Lahore•2 days ago","Rs 80,000",Valencia Town, Lahore,2 days ago
Hp Laptop Probook 450 G5 Core i5 8th Generation,"North Nazimabad, Karachi•2 days ago","Rs 58,000",North Nazimabad, Karachi,2 days ago
Dell E7440  ultra book core i5,"Sadiqabad, Punjab•2 days ago","Rs 37,000",Sadiqabad, Punjab,2 days ago
Lenovo Yoga 720 2-in-1 Laptop Core i5 8th gen 8gb RAM 256gb SSD,"North Nazimabad - Block B, Karachi•2 days ago","Rs 50,000",North Nazimabad - Block B, Karachi,2 days ago
Dell Latitude E5440 core i5 4th gen,"Green Town, Faisalabad•2 days ago","Rs 27,000",Green Town, Faisalabad,2 days ago
Toshiba Core i5 3rd Gen,"Kamra Road, Attock•2 days ago","Rs 33,000",Kamra Road, Attock,2 days ago
Acer Travelmate P258-M Core i5 6th Generation 03334863737 whatsapp,"Others, Peshawar•2 days ago","Rs 46,000",Others, Peshawar,2 days ago
Acer Core I5,"Wakeel Colony, Rawalpindi•2 days ago","Rs 32,000",Wakeel Colony, Rawalpindi,2 days ago
HP PROBOOK 5220m  CORE i5 / 8Gb Ram 2.4GHz,"G-9, Islamabad•2 days ago","Rs 38,000",G-9, Islamabad,2 days ago
Lenovo laptop Core i5 4th Generation,"Bhara kahu, Islamabad•2 days ago","Rs 45,000",Bhara kahu, Islamabad,2 days ago
HP Folio 13 - core i5 2nd gen Laptop,"North Karachi, Karachi•2 days ago","Rs 29,000",North Karachi, Karachi,2 days ago
8thgen/4cores/ssd+1TBhdd/i5,"Supply, Abbottabad•2 days ago","Rs 69,999",Supply, Abbottabad,2 days ago
"Dell Letitude 5480, Core i5-6th Generation, 14"" inch Display.","Gulistan-e-Jauhar Block 1, Karachi•2 days ago","Rs 49,500",Gulistan-e-Jauhar Block 1, Karachi,2 days ago
Acer core i5 5th gen,"Faisal Town, Lahore•2 days ago","Rs 37,000",Faisal Town, Lahore,2 days ago
core i5 4th generation condition 8/10,"Jhang Road, Faisalabad•2 days ago","Rs 30,000",Jhang Road, Faisalabad,2 days ago
"Core i5 2nd Generation, With Dedicated Nvidia GPU","Others, Chichawatni•2 days ago","Rs 24,000",Others, Chichawatni,2 days ago
Hp 840 G1 Core i5 4th gen 8 gb ram 500 Gb hdd with Backlight keyboard,"Kacha Sadiqabad Road, Sadiqabad•2 days ago","Rs 34,000",Kacha Sadiqabad Road, Sadiqabad,2 days ago
HP core i5 6th generation Tab & Touch,"Iqbal Town, Islamabad•2 days ago","Rs 57,000",Iqbal Town, Islamabad,2 days ago
"LAPTOPS New Stock Core i3,i5,i7 WholeSale Prices (1st Gen to 10th Gen)","Jail Road, Gujrat•2 days ago","Rs 20,000",Jail Road, Gujrat,2 days ago
~DELL LAPTOP MODEL E6440 CORE i5 AND GEN. 4th HY 128GB SSD K SATH,"New City Phase 2, Wah•2 days ago","Rs 35,000",New City Phase 2, Wah,2 days ago
"HP NVIDIA GEFORCE GTX, 12 GB RAM, 1TB storage, Core i5, window 10","National Police Foundation, Islamabad•2 days ago","Rs 80,000",National Police Foundation, Islamabad,2 days ago
Dell 6440 Core i5 & i7 4th Gen Laptop Qty Stock,"Kacha Sadiqabad Road, Sadiqabad•2 days ago","Rs 32,000",Kacha Sadiqabad Road, Sadiqabad,2 days ago
LENOVO THINKPAD E550~CORE i3 GEN. 5th~8GB RAM 500GB HDD~256GB SSD 15.6,"New City Phase 2, Wah•2 days ago","Rs 44,000",New City Phase 2, Wah,2 days ago
"DELL LATITUDE E5550 CORE i7 GEN. 5th 8GB RAM 25GB SSD 15.6"" BACKLIGHT","GT Road, Wah•2 days ago","Rs 47,500",GT Road, Wah,2 days ago
Hp pro Book core i5 4 gen,"Bismillah Prime Town, Hyderabad•2 days ago","Rs 28,000",Bismillah Prime Town, Hyderabad,2 days ago
TOSHIBA DYNABOOK R734/E26KB CORE i5-2.50Ghz GEN. 4th 128GB SSD,"Nawababad, Wah•2 days ago","Rs 29,000",Nawababad, Wah,2 days ago
Core i5 7th Generation HP Laptop - Dell HP Laptops 6th 7th 8th Gen,"Johar Town, Lahore•2 days ago","Rs 60,000",Johar Town, Lahore,2 days ago
Dell E5550 Core i7 5th generation .,"Warsak Road, Peshawar•2 days ago","Rs 49,500",Warsak Road, Peshawar,2 days ago
TOSHIBA DYNABOOK R732/H CORE i5-2.70Ghz GEN. 3rd 128GB SSD SLIM LAPTOP,"New City Phase 2, Wah•2 days ago","Rs 26,000",New City Phase 2, Wah,2 days ago
LENOVO THINKPAD L540 CORE i5 GEN. 4th 8GB RAM 256GB SSD & 500GB HDD,"GT Road, Wah•2 days ago","Rs 44,000",GT Road, Wah,2 days ago
Laptop HP core i5 for sale SSD hard 128gb  3th generation,"Pepsi Road, Faisalabad•2 days ago","Rs 35,500",Pepsi Road, Faisalabad,2 days ago
TOSHIBA TECRA A40-C CORE i5 GEN. 6th 4GB RAM 120GB SSD 500GB HDD SLIM,"Kohistan Enclave, Wah•2 days ago","Rs 42,000",Kohistan Enclave, Wah,2 days ago
"core i5 generation 4th, 4gb ram. 200 gb hard","Tillu Road, Sadiqabad•2 days ago","Rs 35,000",Tillu Road, Sadiqabad,2 days ago
"HP Elitebook 840 G4 Core I5 7th Gen (128gb SSD,500gb hard 8gb Ram)","New Multan, Multan•2 days ago","Rs 52,000",New Multan, Multan,2 days ago
laptop core i5 7th gernation latitude 3380,"Khairpur Green Residency, Khairpur•2 days ago","Rs 55,000",Khairpur Green Residency, Khairpur,2 days ago
Hp Laptop Intel core i5 for sale,"Wapda Town, Multan•2 days ago","Rs 40,000",Wapda Town, Multan,2 days ago
Acer Aspire 5742 1GB Graphic Card Core i5 1st Gen4 GBRam 320GB HDD,"Punjab Coop Housing - Block F2, Lahore•2 days ago","Rs 20,500",Punjab Coop Housing - Block F2, Lahore,2 days ago
Dell Latitude 7400 2in1 Core i5 8th Gen 16GB Ram 256 SSD,"University Road, Peshawar•2 days ago","Rs 110,000",University Road, Peshawar,2 days ago
Core i5 5th Gen. +2gb Graphic Card  Hp 15 Notebook pc(Read Full Add),"Sargodha, Punjab•2 days ago","Rs 46,000",Sargodha, Punjab,2 days ago
"Lenovo 3rd generation, model: T430, core i5, window 10","Khalabat Township, Haripur•2 days ago","Rs 11,000",Khalabat Township, Haripur,2 days ago
core i5 6th gen,"Buffer Zone 2, Karachi•2 days ago","Rs 34,000",Buffer Zone 2, Karachi,2 days ago
HP core i5 6th generation 8GB RAM 256GB SSD Tab & Touch,"Ghazikot Township, Mansehra•2 days ago","Rs 57,000",Ghazikot Township, Mansehra,2 days ago
Dell core i5 6th generation,"Ghauri Town, Rawalpindi•2 days ago","Rs 48,000",Ghauri Town, Rawalpindi,2 days ago
HP 840G3 Slim laptop Core i5 6th Gen 8 GB 128 GB SSD 500 GB,"Punjab Coop Housing - Block F2, Lahore•2 days ago","Rs 51,500",Punjab Coop Housing - Block F2, Lahore,2 days ago
Dell Latitude E5530 10 by 10 Core i5 3nd Gen 4GB Ram 320GB HDD,"Punjab Coop Housing - Block F2, Lahore•2 days ago","Rs 29,999",Punjab Coop Housing - Block F2, Lahore,2 days ago
HP Elitebook Core i5 8th Gen,"Ghauri Town Phase 4A, Islamabad•2 days ago","Rs 90,000",Ghauri Town Phase 4A, Islamabad,2 days ago
Fujitsu Core I5 4th generation battery not working,"Johar Town Phase 1, Lahore•2 days ago","Rs 13,500",Johar Town Phase 1, Lahore,2 days ago
